Customer ID,Purchase Frequency,Total Spending,Last Purchase Date
CUST001,56,246475,2026-07-31
CUST002,60,266745,2026-07-20
CUST003,61,292220,2026-07-20
CUST004,69,309670,2026-07-23
CUST005,64,260060,2026-07-31
CUST006,54,219460,2026-07-12
CUST007,61,265900,2026-06-29
CUST008,55,247870,2026-07-28
CUST009,65,276830,2026-07-28
CUST010,60,241725,2026-07-22
CUST011,57,242635,2026-07-10
CUST012,51,234390,2026-07-21
CUST013,58,288175,2026-07-28
CUST014,53,238980,2026-07-20
CUST015,64,278555,2026-07-23
CUST016,52,210795,2026-06-26
CUST017,54,225575,2026-07-29
CUST018,61,273670,2026-07-30
CUST019,69,294710,2026-07-26
CUST020,54,209765,2026-07-26
CUST021,55,241755,2026-07-11
CUST022,57,252495,2026-07-21
CUST023,55,239725,2026-07-30
CUST024,60,238710,2026-07-17
CUST025,63,277005,2026-07-31
CUST026,53,240695,2026-07-27
CUST027,58,240500,2026-07-29
CUST028,84,350030,2026-07-25
CUST029,68,301410,2026-07-28
CUST030,50,211970,2026-07-29
CUST031,67,312790,2026-07-30
CUST032,50,190760,2026-07-15
CUST033,45,209040,2026-07-06
CUST034,64,299295,2026-07-20
CUST035,56,260725,2026-07-29
CUST036,47,196365,2026-07-23
CUST037,47,198230,2026-07-15
CUST038,56,247845,2026-07-29
CUST039,53,241685,2026-07-09
CUST040,68,305240,2026-07-27
CUST041,65,295415,2026-07-26
CUST042,64,264270,2026-07-26
CUST043,65,284820,2026-07-28
CUST044,54,236860,2026-06-28
CUST045,75,334760,2026-07-30
CUST046,78,365620,2026-06-26
CUST047,50,201965,2026-07-31
CUST048,60,260225,2026-07-30
CUST049,56,264580,2026-07-28
CUST050,55,223790,2026-07-22
CUST051,56,272700,2026-04-22
CUST052,58,243790,2026-04-20
CUST053,69,304215,2026-03-09
CUST054,50,223175,2026-03-19
CUST055,57,239950,2026-04-15
CUST056,44,185345,2026-03-03
CUST057,57,251625,2026-04-13
CUST058,48,220160,2026-04-08
CUST059,55,236225,2026-04-16
CUST060,56,253340,2026-03-28
