Date,Expense Category,Amount,Description
2025-01-05,Rent,45000,Office rent January
2025-01-10,Marketing,18000,Social ads campaign
2025-01-18,Salaries,120000,Staff salaries
2025-01-25,Utilities,8000,Electricity and internet
2025-02-05,Rent,45000,Office rent February
2025-02-12,Marketing,22000,Influencer promotions
2025-02-18,Salaries,120000,Staff salaries
2025-02-22,Logistics,15000,Courier charges
2025-03-05,Rent,45000,Office rent March
2025-03-11,Marketing,35000,Festival campaign
2025-03-18,Salaries,125000,Staff salaries
2025-03-27,Utilities,9000,Electricity and internet
2025-04-05,Rent,45000,Office rent April
2025-04-14,Marketing,28000,Search ads
2025-04-18,Salaries,125000,Staff salaries
2025-04-26,Inventory Purchase,90000,Restock laptops and monitors
2025-05-05,Rent,45000,Office rent May
2025-05-13,Marketing,40000,Summer sale ads
2025-05-18,Salaries,130000,Staff salaries
2025-05-24,Logistics,18000,Shipping surge
2025-06-05,Rent,45000,Office rent June
2025-06-10,Marketing,32000,Retention campaign
2025-06-18,Salaries,130000,Staff salaries
2025-06-28,Utilities,9500,Electricity and internet
2025-07-05,Rent,45000,Office rent July
2025-07-12,Marketing,55000,Aggressive acquisition push
2025-07-18,Salaries,130000,Staff salaries
2025-07-22,Miscellaneous,25000,Unexpected repair costs
